REF,ALT,35_B2,35_B6,35_B8,35_C5,35_C7,35_C9,35_D2,35_D4,35_D8,35_E11,35_E7,35_E9,35_F2,35_F4,35_F6,35_G11,35_G5,35_G9,40_B2,40_B6,40_B8,40_C5,40_C7,40_C9,40_D2,40_D4,40_D8,40_E11,40_E7,40_E9,40_F2,40_F4,40_F6,40_G11,40_G5,40_G9
C,T,,,,,,,,,,,,0.215385,,,,,,,,,,,,,,,,,,,,,,,,
C,A,,,,,,,,,,,,,,,,,,,,,,,,,0.265625,0.25,,,,,,,,,,
C,T,,,,,,,,,,,,,,,,,,,,,,,,,,,,,,0.259259,,,,,,
C,A,,,,0.2,,,,,,,,,,,,,,,,,,,,,,,,,,,,,,,,
T,G,,,,,,,,,,,,0.206349,,,,,,,,,,,,,,,,,,,,,,,,
C,A,,,,,,,,,,,,0.190476,,,,,,,,,,,,,,,,,,,,,,,,
G,A,,,,,,,,,,0.197674,,,,,,,,,,,,,,,,,,,,,,,,,,
A,T,,,,,,,,,,,,,,,,0.206186,,,,,,,,0.228346,,,,,0.193798,,,,,,,0.198276
G,A,,,,,,0.208791,,,0.192308,,,,,,,0.221154,,,,,,,,,,,,,,,,,,,,0.238806
A,T,,,,,,,,,0.188679,,,,,,,0.214953,,,,,,,,,,,,,,,,,,,,
G,A,,,,,,,,,0.20202,,,,,,,0.223301,,,,,,,,,,,,,,,,,,,,
G,A,,,,,,,,,,,,,,,,,,0.266129,,,,,,,,,,,,,,,,,,
G,T,0.25,,,,,,,,,,,,,,,,,,,,,,,,,,,,,,,,,,,
A,C,,,,,,,,,,,,,,,,,0.242424,,,,,,,,,,,,,0.2625,,,,,,
A,C,,,,,,,,,,,,,,,,,,,,,,,,,,,0.221053,,,,,,,,,
A,C,,,,,,,,,,,,,,,,0.214286,,,,,,,0.204819,,,,,,,,,,,,,
A,C,,,,,,,,,,,,0.2,,,,0.208955,,,,,,,,,,,,,,,,,,,0.195122,
A,C,,,,,,,,,,,,,,,,,,,,,,,,,,,,,,,,,,,0.192771,
A,C,,,,,,,,,,,,,,,,,,,,,,,,,,,,,,,0.257143,,,,,
C,A,,,0.217949,,,,,,,,,,,,,,,,,,,,,,,,,,,,,,,,,
T,C,,,,,,,,,,,,,,,,,,,,,,,,,,,,,,,,,,,,0.203125
T,C,,,,,,,,,,,,,,,,,,,,,,,,,,,,,,,,,,0.269841,,
T,G,,,,,,,,,,,,,,,,,,,,,,,,0.2,,,,,,,,,,,,
A,G,,,,,,,,,,,,,0.222222,,,,,,,,,0.223214,,,,,,0.221053,,0.238095,,,,,,
A,C,,,0.193182,,,,0.243243,,,0.196262,0.209302,0.234568,0.264368,,0.197674,,,,,0.223301,,,0.196262,,0.204545,0.203883,,0.27451,0.268817,0.210526,,,,0.279412,,0.22
A,C,,,,,,,,0.244186,,,,0.2,0.229885,,,,,,,0.235294,0.214286,,,,,,0.201923,0.217822,0.217391,,,,,,,0.191919
A,C,0.193182,,0.213483,,0.206522,0.188889,0.27027,0.244186,,0.247619,0.195402,0.225,,,,,0.25974,,,0.262136,0.202381,0.208696,,0.216495,0.213483,,,0.277228,0.26087,0.240506,0.216216,,,0.238806,,0.242424
T,C,,,,,,,,,0.212121,,,0.2125,,,,,,,,,,,,,,,,,,,,,,0.242424,,
A,C,,,,,,,,,0.209677,,,,0.226667,,,,,,,,,,,,,,,,,,,,,,,
A,C,,,,,,,,,,,,,0.197674,,,,,,,,0.217949,,,,,,,,,,,,,,,
T,G,,0.214286,,,,,,,,,,,,,,,,,,,,,,,,,,,,,,,,,,0.267857
C,A,,,,,,,,,,,,,,,,,,,,,,,,,,,,,,,0.689655,,,,,
T,A,,,,,,,,,,,,,,,,,,,,,,,,,,,,,,,,,0.863248,,,
C,A,,,,,,,,,,,,,,,,,,,,,,,0.428571,,,,,,,,,,,,,
G,C,,,,,,,,,,,,,,,,,,,,,,,,,,,,0.946809,,,,,,,,
C,A,,,,,,,,,,,,,,,,,,,,,0.471429,,,,,,,,,,,,,,,
T,C,,,,,,,,,,,,,,,,,0.241935,,,,,,,,,0.202899,,,,,,,,,,
C,T,,,,,0.254545,,,,,,,,,0.309091,,0.285714,,,,,,,,0.191011,,,,,,,,,,,,
C,T,,,,,0.313726,,0.265625,,,,0.246377,,,0.363636,,0.328358,,,,,,,,,0.333333,,,,,,,,,,,
A,G,,,,,,,,,,,,,,,,0.253731,,,,,,,,,,0.195122,,,,,,,,,,
G,C,,,,,,,,,,,,,,,,,,,,,,,,,,,,,0.202899,,,,,,,
T,G,,,,,,,,,,,,,,,,,,,,,,,,0.209302,,,,,,,,,,,,
T,C,,,,,,,,,,,,,,,,,,,,,,,,,,0.25,,,,,0.189189,,,,,
G,T,,,,,,,,,,,,,,,,,,,,,0.207317,,,,,,,,,,,,,,,
G,T,,,,,,,,,,,,,,,,,,,,,,,,,,,0.227273,,,,,,,,,
A,G,,,,,,0.259259,,,,,,,,,,,,,,,,,,,,,,,,,,,,,,
C,T,0.216216,0.233577,0.258427,0.287129,0.191919,0.230769,,0.238938,0.287671,0.251969,0.232323,0.292035,,,0.234483,,0.194915,,,0.208,0.213115,0.192308,0.204082,0.243421,0.258065,0.252336,,,,,,0.22963,,0.247312,0.222222,0.284483
G,T,0.216216,0.223881,0.25,0.27551,,0.22549,,0.245455,0.28169,0.258065,0.208333,0.3,,,0.210145,,,,,,0.194915,,0.208333,0.24,0.260504,0.235849,,,,,,0.227273,,0.230769,0.219298,0.274336
C,T,,,0.213333,,,,,,,,,,,,,,,,,,,,,0.2,,,,,,,,,0.218391,,,
T,C,,,0.210526,,,,,,,,,,,,,,,,,,,,,0.208791,,,,,,,,,,,,
T,A,0.224719,0.24,0.3125,,,,,0.2,,,0.266667,,0.207317,,,0.241379,0.261905,0.193878,,,,,0.257143,0.278351,,0.204082,0.255556,,0.247059,,,,,,,
T,C,,0.360465,0.314607,,0.352113,,0.240506,0.296296,,0.341463,,,0.368421,0.337349,0.329268,,,0.375,,,,0.31,,0.288462,,0.32,0.2125,0.306818,,0.252427,0.333333,,,0.30303,0.257426,0.276316
A,C,,0.356322,0.294118,0.205128,0.323529,0.316456,0.246575,0.288462,,0.325,,,0.34375,0.306667,0.297297,,,0.315068,,,,0.316327,,0.268041,,0.283784,0.217949,0.282353,,0.206186,0.302326,,0.285714,0.301587,0.24,0.246575
G,A,,,0.193182,,,,,,,0.191781,0.212121,,0.258427,,,,,0.205479,,,,,,,,,,,,,,,,,,
A,G,,,0.193182,,,,,0.191919,,0.191781,0.215385,,0.258427,,,,,0.205479,,,,,,,,,,,,,,,,,,
T,A,,,,,,,,,,,0.196429,,,,,,,,,,,,,,,,,,,,,,,,,
A,T,,0.382353,,,,0.342593,,,0.454545,0.378641,,,0.362637,,,0.33,,,,,,,,,,,,,,,,,0.336449,,,0.385542
C,T,,0.41791,,,,0.375,,,0.476923,0.377358,,,0.373626,,,0.340206,,,,,,,,,,,,,,,,,0.336449,,,
C,A,,0.453125,,,,0.394231,,,0.484375,0.435644,,,0.377778,,,,,,,,,,,,,,,,,,0.282051,,0.383838,,,
C,T,,0.536585,,,,,,,0.592105,,,,0.504762,,,,,,,,,,,,,,,,,,0.489362,,,,,
C,G,,0.52439,,,,,,,0.586667,,,,,,,,,,,,,,,,,,,,,,,,,,,
C,A,,0.530864,,,0.47561,,,,0.6,,,,0.513514,,,,,,,,,,,,,,,,,,0.494845,,,,,
T,C,,,,,,,,,,,,,,,,,,,0.192308,,,,,,,,,,,,,,,,,
T,G,0.195122,,,,,,,,,,,,,,0.222222,,,,0.206186,,,,,,,,,,,,,,,,,
G,C,,,,,,,,,,,,,,,,,,,,,,,,,,,0.196078,,,,,,,,,
T,C,,,,,,,,,,,,,,,,,,,,,,,,,0.207547,,,,,,,,,,,
A,G,0.223684,,,,,,,,,,,,,,,,,,,,,,,,,,,,,,,,,,,
A,G,,,,,,0.269841,,,,,,,,,,,,,,,,,,,,,,,,,,,,,,
T,G,,,,,,,,,,,,,0.190476,,,,,,,,,,0.196429,,,,,,,,,,,,,
T,G,,,,,,,,,,,,,,,,,,,,,,,,,,,,,,,,,,,,0.222222
T,C,,,,,,,,,,,,,,,,,,,,,,0.19697,,,,,,,,,,,,,,
G,A,,,,,,,,,,,,,0.27957,,,,,,0.222222,,,,0.264706,,,,,,,,,,,,,
T,C,,,,,,,,,,,,,,,,,,,,,,,,,,0.2,,,,,,,,,,
G,T,,,,,,,,,,,,,,,,,,,,,,,,,,,,,,,,,,0.806452,,0.953125
C,A,,,,,,,,,,,,0.212389,,,,,0.223301,0.282258,,,,,,,,0.233645,,0.219048,,,,,,0.26506,,
A,T,,,,,,,,,,,,,,,,,,0.28,,,,,,,,,,,,,,,,,,
G,C,,,,,,,,,,,,,,,,,0.242991,0.275591,,,,,,,,,,,,,,,,,,
A,G,,,,,,,,,,,,,,,,,,,,,,,,,,,,,0.213333,,,,,,,
C,T,,,,,0.283582,,,,,,,,,,,,,,,,,,,,,,,,,,,,,,,
C,T,,,,,,,,,,,,,,,,,,,,,,,0.236686,,,,,,,,,,,,,
T,G,,,,,,,,,,,,,,,,,,,,,0.242424,,,,,,,,,,,,,,,
C,T,,,,,,,,,,,0.215909,0.216,,,,,0.192661,,0.191176,,0.243902,,,,,,,,,,,,,,,
G,A,,,,,0.201923,,,,,,,,,,,,0.2,,0.201439,,0.238462,,,,,,,,,,,,,,,
T,A,,,,,0.211538,,,,,,0.2,,,,,,0.19469,,0.197183,,0.248062,,,0.240506,,,,,,,,,,,,
T,C,,,,,,,,,,,0.24,,,,,,,,,,,,,,,,,,,,,,,,,0.215054
A,C,,,,,,,,,,,,,,,,,,,,,,,,,,0.218182,,,,,,,,,,
T,C,,,,,,,,,,,,,,,,0.21875,,,,,,,,,,,0.194805,,,,,,,,,
G,A,,,,,,,,,,,,,,,,,,,,,,,0.46,,,,,,,,,,,,,
T,C,,,0.265625,0.198795,0.188889,,0.211382,,,,,,,,,,0.256098,,,,0.240642,,,0.236842,,,,,,,,,,,,0.241935
A,C,,,,,,0.196721,,,,,,,,,,,,,,,,,,,,,,,,,,,,,,
T,G,,,,,,,,,0.197183,,,,,,,,,,,,,,,,,,,0.197368,,,,,,,,
T,G,,,,,,,,,0.211268,,,,,,,,,,,,,,,,,,,,,,,,,,,
A,G,,,0.197674,,,,,,,,,,,,,,,,,,,,,,,,,,,,,,,,,
G,A,,,,,,,,,,,,,,,,,,,,,0.321429,,,,,,,,,,,,,,,
A,G,,,,,,0.193548,,,,,,,,,,,,,,,,,,,,,,,,,,,,,,
A,G,,,,,,,,,,,,,,,,,,,,,,,,,,0.228571,,,,,,,,,,
C,T,,0.263158,,,,,,,,,,,,,,,,,,,,,,,,,,,,,,,,,,
C,A,,0.263889,0.25,0.245614,0.350877,0.390625,0.246154,,0.367347,,,,0.391304,,,,,0.388889,,,,,,0.393939,0.315789,,,,,,,,,,0.259259,
A,C,,,,,,,0.21519,0.209524,0.202381,,,,,,,,,,,,,,,,,,,,,,,,,,,
A,C,,,0.244898,,,,,,,,,,,,,,,,,,,0.225806,0.191489,0.198276,,0.230769,,,,,0.206186,,,,,
C,A,,,,,0.253731,,,,,,0.197917,,,,,,,,,,,,,,,,,,,,,,,,,
C,A,0.246753,,,,,,,,,,,,,,,,,,,,,,,,,,,,,,0.191489,,,,,
G,A,,,,,,,,,,,,,,,,,,,0.273973,,,,,,,,,,,,,,,,0.254902,
C,A,,,,,,,,,,,,,,,,,,,,,,,,,0.202247,,,,,0.348837,,,,,,
G,T,,,,,,,,,,,,,,,,,,,,,,0.22449,,,,,,,,,,,,,,
T,G,,,,,0.27451,,,,,,,,,,,,,,,,,,,,,,,,,,,,,,,
G,A,,,,,,,,,,,,,,,,,,,,,,,,,,,,,,,0.56338,,,,,
T,G,,,,,,,,,,,,,,,,,,,,,,,,,,,,,,,0.215385,,,,,
A,G,,,,,,,,,,,,,,0.2,,,,,,,,,,,,,,,,,,,,,,
T,G,0.272727,,,,,,,,,,,,,,,,,,,,,,,,,,,,,,,,,,,
C,T,,,,,,,,,,,,,,,,,,,,0.246753,,,,,,,,,,,,,,,,
T,G,,,,,,,,,,,,,,,,,,,,0.25641,,,,,,,,,,,,,,,,
T,C,,,,,,,,,,,,,,,,,,,,,,,,,,,,,,,,,,,,0.253333
G,A,,,,,,,,,,,,,,,,,,,,,,,,,,,,,,,,,,,,0.24
T,C,,,,,,,,,,,,,,,,,,,,,,,,,,,,,,,,,,,,0.266667
T,G,0.283019,,,,,,,,,,0.258065,,,,,,,,0.230769,0.192308,,,,,,,0.202703,,,,,,,,,0.2
T,G,0.232143,,,,,,,,,,,,,,,,,,,,,,,,,,,,,,,,,,,
T,G,,0.287879,,,,,,,,,,,,,0.421875,,0.307692,,,,,,,,0.363636,,0.403226,,0.333333,,,,,,,
T,C,,,,,,,,,,,,,,,,,,,,,,,,,,0.235294,,,,,,,,,,
G,T,,,,,,,,,,,,,,,,,,,,,0.271845,,,,,,,,,,,,,,,
T,G,,,,,,,,,,,,,,,,,,,,,,,,,,,0.22449,,,,,,,,,
T,G,,,0.244444,,,,,,,,,,,,0.245614,,,,,0.233333,,,,,,0.27027,,,,,,,,,,
G,A,,,,,,,,,,,,,,,,,,,,,,,0.264706,,,,,,,,,,,,,
T,C,,,,,,,,,,,,,,,,,,,,,,,0.257576,,,,,,,,,,,,,
A,G,,,,,,,,,,,,,,,,,,,,,,,0.257576,,,,,,,,,,,,,
C,A,,,,,,,,,,,,,,,,,,,,,0.315068,,,,,,,,,,,,,,,
A,C,,,,,,,,,,,,,0.215385,,,,,,,,,,,,,,,,,,,,,,,
A,G,,,,,,,,,,,,,,,0.238095,,,,,,,,,,,,,,,,,,,,,
T,C,,,,,,,,,,,,,,,,,,,,,,0.217391,,,,,,,,0.21875,,,,,,
T,C,,,,,,,,,,,,,,,,,,,,,,,,,,,,0.322034,,,,,,,,
T,C,,,,,,,,,,,,,,,,,,,,,,,,,,,,,,,,,,0.190476,,
T,G,,,,,0.280702,,,,,,,,,,,,,,,,,,,,,,,,0.216216,,,,,0.206897,,
T,G,,,,,,0.238095,,,,,,,,,,,,,,0.195402,,,,,,,,0.231707,,,,,,,,
A,C,,,,,,,,,,,,,,0.208333,,,,,,,,,,,,,,,,,,,,,,
T,C,,,,,,,,,,,,,,,,,,,,,,,,,,,,0.208333,,0.25,0.264706,,,,,
C,A,,0.243902,,,,0.257143,,,,0.204301,,,,,,,,0.2,,,,,,,0.214286,,,,,,,0.217391,,,,
G,A,,,,0.22973,,,,,,,,,,,,,,,,,,,,,,,,,,,,,,,,
T,C,,,,,,,,,,,,,,,,,,,,,,,,,,,,,,,,,0.220779,,,
A,C,0.19403,,,,,,,,,,,,,,,,,,,,,,,,,,,,,,,,,,,
A,T,,,,,,,,,,,,,,,,,,,,,,,,0.287129,,,,,,,,,,,,
C,A,0.287356,0.364706,,,0.345238,,0.333333,0.329114,0.391304,,,,0.297872,,,0.36,,0.305882,,0.324324,,,,,,,,0.306667,,,,0.285714,,,,