Variant,Gene,40_B2,40_B6,40_B8,40_C5,40_C7,40_C9,40_D2,40_D4,40_D8,40_E11,40_E7,40_E9,40_F2,40_F4,40_F6,40_G11,40_G5,40_G9
1,,,,,,,,,,,,,,0.082192,,,,,
2,,,,0.101695,,,,,,,,,,,,,,,
3,CAGL0K12760g,,0.076087,,,0.102564,,,0.088235,,,,,,,,,0.074074,
4,CAGL0K12672g,,,,,,,,,,,0.075,,0.088608,,,,,0.096154
5,CAGL0K12276g,,,,,,,,,,,,,,,0.102041,,,
6,CAGL0K12276g,,,,,,0.116279,,,,,,,,,,,,
7,CAGL0K11902g,0.058824,,0.064815,,0.06422,,,,,0.06383,,,,,,,,
8,CAGL0K11902g,,,,,,,,,,,,,,,,,0.054545,
9,,,,,,0.057143,,,,,,,,,,,,,
10,CAGL0K11440g,,,,,,,,,,,,,,0.073684,,,,
11,,,,,,,,,,,,,,,,,0.065421,,
12,,,,,,,,0.067961,,,,,,,,,,,0.052632
13,CAGL0K10879g,,,,,,,,,,,,,,,0.068966,,,
14,CAGL0K10626g,,,,,,,,0.068182,,,,,,,,,,
15,CAGL0K10142g,,,,,,,,,0.092105,,,,,,,,0.059406,
16,CAGL0K10142g,,,,,,,,,,0.05618,,,,,,,,
17,CAGL0K10076g,,,,0.067416,,,,,,,,,,,,,,
18,CAGL0K09746g,,,,,,,,,,0.133333,,,,,,,,
19,,,,,0.083333,,,,,,,,,0.070588,,,,,
20,CAGL0K09240g,,,,,,0.056818,,,,0.059524,,,,,,,,
21,CAGL0K08712g,,,,,,,,,,,,,0.086957,,,,,
22,CAGL0K08690g,,,,,,,,,,,,,,,,0.050847,,
23,CAGL0K08360g,,,,,,,,,,,,,,,,0.053571,,
24,CAGL0K08162g,,,,,,0.068493,,,,,,,,,,,,
25,CAGL0K08052g,,,,,,,,0.083333,,,,,,,,,,
26,CAGL0K08008g,,,,,,,0.056818,,,,,,,,,,,
27,,,0.07767,,,,,0.068966,,,,,,,,,,,
28,,,,,,,,,,,,,,,0.058824,,,,
29,,,,,,,,0.265625,0.25,,,,,,,,,,
30,,,,,,,,,,,,0.116883,,,,,,,
31,,,,,,,,,,,,,,,0.058824,,,,
32,CAGL0K07293g,,0.051282,,,,,,,,,,,,,,,,0.05102
33,CAGL0K07293g,,,0.065789,,,,,,,,,,,,,,,
34,CAGL0K07293g,,,0.065789,,,,,,,,,,,0.09589,,,,
35,CAGL0K07293g,,,,,,,,,,,,,,,,0.064935,,
36,CAGL0K07271g,,,,0.067568,,,0.066667,,,,,,,,,,0.08046,
37,CAGL0K07183g,,,,,,,,,,,,,,,,,0.069444,
38,CAGL0K06831g,,,,,,,,,0.050633,,,,,,,,,
39,CAGL0K06743g,,,,,,,,,,,,,,,,0.11236,,
40,CAGL0K06347g,,,,,,,,,,,,,0.084337,,,,,
41,,,,,,,,,,0.096774,,,,,,,,,
42,CAGL0K06083g,,,,,,,,,,0.074074,,,,,,,,
43,,,,,,0.060606,,,,,,,,,,,,,
44,,0.074074,,,,,0.06422,,,0.067416,,,,,0.0625,0.09375,,,
45,,0.064815,0.069767,,,,0.055046,,,,,,,,,,,,
46,,,0.078652,,,,,,,,,,,,,,,,
47,CAGL0K05731g,0.09589,,,,,0.084337,,,,0.082192,,,0.089744,0.06383,,,,
48,CAGL0K05555g,,,,,,,,,,,,,,,,,0.054348,
49,CAGL0K05335g,,,,,,,,,,,,,0.058824,,,,,
50,CAGL0K05335g,0.071429,,,,,,,,,,,,,,0.061856,,,
51,CAGL0K05335g,,,,,,,,,,,,,,,,,0.058824,
52,CAGL0K04917g,,,,,,,,0.08642,,,,,,,,,,
53,CAGL0K04697g,,0.076087,,,,,,,,,,,,,,,,
54,CAGL0K04697g,,,,,,,,,,,,0.066038,,,,,,
55,,,,,,0.074074,,,,,,,,,,,,,
56,,,,,,,,,,,,,,0.090909,,,,,
57,,,,,,,,,,,,,,,,,,0.051948,
58,,,,,,,,,,,,,,,,,0.060606,,
59,CAGL0K04521g,,,,,,,,,,,0.051546,,,,,,,
60,CAGL0K04411g,0.064935,,,,,,,,,,,,,,0.075,,,
61,CAGL0K04411g,,,,,,,,,,0.061728,,,,,,,,
62,CAGL0K04411g,,,,,,,,,,,,0.259259,,,,,,
63,,0.088608,,,,,,,,,,,,,,,,,
64,,,,,,,,,,,,,,,,0.115385,,,
65,,,,,0.144578,,,,,,,,,,,,,,
66,CAGL0K04169g,0.09375,0.088235,0.089744,,,,,,,,,,,,0.101695,,,
67,,,,,,,,,,,,,,,,,,,0.064935
68,,,0.055556,,,,,,,,,,,,,,,,
69,,,,,,,0.0625,,0.064103,,,,0.0625,,,,,,
70,,,,,,,,,,,,,,,0.055556,,,,
71,CAGL0K03861g,,,,,,,,,,,,,,,,,,0.075
72,CAGL0K03553g,,,,,,,,,,,,,0.079646,,,0.060976,,
73,,,,,,,,,,,0.052632,0.066667,,,,,,,
74,CAGL0K03399g,,,,,,,,,,,,,,,,,0.090909,
75,,,,,,,,0.067416,0.065934,,,,0.05102,,,,,,
76,CAGL0K02739g,,0.058252,0.058252,,,,,,,,,,,,,,0.054054,
77,CAGL0K02563g,,,,,,,,,,,,,,,0.064935,,,
78,CAGL0K02035g,,,,,,,0.060345,,,,,,,,,,,
79,CAGL0K01925g,,,0.114286,,,,,,,,,,,,,,,
80,,,,,,,,,,0.131579,,,,,,,,,
81,CAGL0K01683g,0.057143,,,,,,0.068182,,,0.05,,,,,,,,
82,CAGL0K01353g,,,,,,,,0.05814,,,,,,,,,,
83,,,,,,0.069767,,,,,,,,,,,,,
84,CAGL0K00913g,,,,,,,,,,,,0.114754,,,,,,
85,CAGL0K00473g,,,,,,0.078947,,,,,,,,,,,,
86,CAGL0K00319g,0.144231,,,,,,,,,,,,,,,,,
87,CAGL0K00170g,,,,,,,,0.105263,,,,,,,,,,
88,CAGL0K00170g,,,,,,,,,,,,,,,,,0.135417,
89,,,,,,,,,,,,,,,0.16129,,,,
90,CAGL0I00484g,,,,,,,,,0.221053,,,,,,,,,
91,,,,,,,,,,,,,,,,,,,0.0625
92,CAGL0I00726g,,0.114583,,,,,,,,,,,,,,,,
93,,,,,,,,,,,,,,,,0.05,,,
94,CAGL0I01078g,,,,,,,0.121212,,,,,,,,,,,
95,,,,,,,,,,,,,,,0.055046,,,,
96,CAGL0I01342g,,,,,,,,,,,,,0.078125,,,,,
97,,0.054545,,,,,,,,,,,,,,,,,
98,,,,0.067961,,,,,,,,,,,,,,,
99,,,0.085714,0.1125,,0.086957,,0.078947,,,,,,0.103896,,,,,
100,,,,,,,,,,,,0.164384,,,,,,,
101,,0.064516,,,,0.068966,,,,,,,,,0.058333,,,,
102,,,,,,,,,,,,,,,0.066038,,,,
103,,,,,,,,,,0.067961,,,,,,,,0.05,
104,CAGL0I03322g,,,,,,,,,,,,,,,,,,0.069767
105,CAGL0I03454g,,,,,,,,,,0.071429,,,,,,,,
106,CAGL0I03454g,,,0.083333,,,,,,,,,,,,,,,
107,CAGL0I03454g,,,,,,,,,,,,,,0.077922,,,,
108,CAGL0I03806g,,,,,,,,,0.074074,,,,,,,,,
109,CAGL0I03828g,,,,,,,,,0.084112,,,,,,,,,
110,CAGL0I03828g,,0.096386,,,,,,,,,,,,,,,,
111,CAGL0I04246g,,,,,,,,,0.089744,,,,,,,,,
112,CAGL0I04290g,,,,,,,,,,,,,0.257143,,,,,
113,CAGL0I04312g,,,,,,,,,,,,,,,,,,0.203125
114,CAGL0I04422g,,,,0.076087,,,,,,,,,,,,,,
115,CAGL0I04752g,,,,,,,,,,,,,,,,0.103448,,
116,,,,,,,0.060606,,,,,,,,,,,,
117,,,,,,,,0.153846,,,,,,,,,,,
118,CAGL0I04972g,,,0.075758,,,,,,,,,,,,,,,
119,,,,0.080645,,,,,,,,,,,,,,,
120,CAGL0I05016g,,,,,0.085714,,,,,,,,,,,,,
121,CAGL0I05016g,,,,,,,,,,,,,0.074074,,,,,
122,,,,,,,,,,,,,,,,,,,0.079365
123,CAGL0I05060g,,,,,,,0.071429,,,,,,,,,,,
124,CAGL0I05060g,,,,,,,,,,,,,,,,,0.067416,
125,CAGL0I05082g,,,0.074468,,,,,,,,,,,,,,,
126,CAGL0I05500g,,,,0.121951,,,,,,,,,,,,,,
127,CAGL0I05566g,,,,,,,0.120482,,,,0.074074,,,,,,0.067416,
128,,,0.068182,,,,,,,,,0.059524,,,,,,,
129,CAGL0I05764g,,,,,,,,0.090909,,,,0.075758,,,,,,
130,CAGL0I05764g,,,0.092105,,,,,,,,,0.076923,,,,,,
131,CAGL0I06138g,,0.072917,,,,,,,,,0.082353,0.066667,,,,,,
132,,0.061728,,,,,,,,,,,,,,,,,
133,,,,,,,,,,,,,,0.063291,,,,,
134,CAGL0I06809g,,,,,,,,,,,0.060606,,,,0.066667,,,
135,,0.05618,,,,,,,,,,,,,,,,,
136,CAGL0I07447g,,,,0.196078,,0.190476,,,,,,,,,,,,
137,CAGL0I07667g,,,,,0.05102,,,,,,,,,,,,,
138,,,,,,,,,,,,,0.095745,,,,,,
139,CAGL0I07837g,,,,,,,,,,0.066667,,,,,,,,
140,CAGL0I07837g,,0.051546,,,,,,,,,,,,,,,,
141,,,,,,,,,,,,0.054054,,,0.057692,,,,
142,CAGL0I07997g,,,,,,,,,,,,,,,,0.269841,,
143,,,0.063291,,,,,0.078125,,,,,,,,,,,
144,CAGL0I08459g,,,,,,,0.070588,,,,,,,,,,,
145,,0.054348,,,,,,,,,,,,,,,,,
146,,0.071429,,,,,,,,0.065934,0.054054,,,,,,,,
147,CAGL0I08789g,,,,,,,,,,0.058824,,,,,,,,
148,,,,0.052632,,,,,,,,,,,,,,,
149,,,,,,,,,,,,,,,0.0625,,,,
150,,,,,,,0.074074,,0.105263,,,,,,,,,,
151,,,,,,,,,,,,,,,,,,0.173077,
152,CAGL0I10010g,,,,,,,,,,0.1875,,,,,,,,
153,,0.098901,,,,0.070423,0.065934,,0.068493,,0.070423,0.072289,0.08,0.066667,,,,,
154,CAGL0I10147g,0.055556,,,,,,,,,,,,,,,,,
155,CAGL0I10200g,,0.051724,,,,,,,,,,,,,,,,
156,CAGL0I10200g,,,,,0.0625,,,,,,,,,,,,,
157,,,,,,,,0.058824,,,,,,,,,,,
158,,,,,,,,0.096386,,,0.06422,,,,,,,,
159,,,,,,,,,,0.085366,,,,,0.078431,,,,
160,,,,,0.05814,,,,,,,,,,,,,,
161,CAGL0I10923g,,,,,,,,,,,,0.112245,,,,,,
162,CAGL0I10945g,,,,,,,,,,,,,0.092784,,,,,
163,,,0.059406,,,,,,,,,,,,,,0.069767,0.073171,
164,CAGL0H10626g,,,,,,,0.052174,,,,,,,,,,,
165,,,,,,0.059829,,,,,,,,,,,,,
166,CAGL0H10604g,,,,,,,,,,,,,,,,,,0.069444
167,CAGL0H10164g,,,,0.069307,,,,,,,,,,,,,,
168,CAGL0H10098g,,,,,,,,,,,0.066667,,,,,,,
169,CAGL0H10032g,,,,,,,,,,,,,,0.096774,,,,
170,,,0.054545,,,,,0.057143,,,,,,,,,,,
171,CAGL0H10010g,,,,,,,,,,,,,,,,0.055556,,
172,CAGL0H09856g,,,,,,,,,0.059322,,,,,,,,,
173,CAGL0H09834g,,,,,,,,,,,,,0.05102,,,,,
174,,,0.066667,,,,,,,,,,,,,,,,
175,,,,,,,,,0.073171,,,,,,,,,,
176,CAGL0H09350g,,,,,,,,,,,,,,0.149425,,,,
177,CAGL0H09350g,,,,,,,,,,,,,,,,,0.182692,
178,CAGL0H09350g,,0.790698,,0.623529,0.410959,,0.90411,0.797468,0.726027,,0.37234,0.606061,,,0.08,,,
179,CAGL0H09350g,,,,,,,,,,,,,0.689655,,,,,
180,CAGL0H09350g,,,,,,,,,,,,,,,,,0.242424,
181,CAGL0H09350g,,,,,,,,,,,,,,,0.863248,,,
182,CAGL0H09350g,,,,,,,,,,,,,0.056604,,,,,
183,CAGL0H09350g,,,,,0.428571,,,,,,,,,,,,,
184,CAGL0H09350g,,,,,,,,,,,,,,,,,0.120482,
185,CAGL0H09350g,,,,,,,,,,0.946809,,,,,,,,
186,CAGL0H09350g,,,0.471429,,,,,,,,,,,,,,,
187,CAGL0H09152g,,,,,,,,,,,0.052174,,,,,,,
188,CAGL0H08866g,,,,,0.086022,,,,,,,,,,,,,
189,,,,0.085106,,,0.063063,,,,0.051724,,0.083333,,,,,,
190,,,,,,,,,,,,0.0625,,,,,,,
191,CAGL0H08129g,,,,,,,,,,,,,,,0.053763,,,
192,CAGL0H08107g,,,,,,0.136364,,,,,,,,,,,,
193,CAGL0H08019g,,,0.107143,0.060606,0.079365,,,0.125,0.066667,,,,0.06,,,,,
194,,,,,,0.052632,,,,,,,,,,,,,
195,CAGL0H06985g,,,,,,,,0.064103,,,0.078652,,,,,0.0625,,
196,CAGL0H06622g,,,,,,,,,,,,,,,,,0.050847,
197,CAGL0H06567g,,,,,,0.071429,,,,,,,,,,,,
198,CAGL0H06567g,,,,,,,,0.061224,,,,,,,,,,
199,,,0.076087,,,,0.073171,,,,,,,,,,,,
200,CAGL0H05621g,,,,,,,,,,,,,,,0.053191,,,
201,CAGL0H05511g-T-E1,,,0.084507,,,,0.076923,,,,,,,,,,,
202,CAGL0H05511g-T-E1,,0.074627,,,,,,,,,,,,,,,,
203,CAGL0H05511g-T-E1,,0.08,,,,,,,,,,,,,,,,
204,,,,,,,,,,,,,,,,,,0.053763,
205,CAGL0H05423g,,,,,,,,,,,0.202899,,,,,,,
206,,,,,,,,,,,,,,,,,,0.054795,
207,,,,,,,0.209302,,,,,,,,,,,,
208,,,,,,,,,,,0.060976,,,,,,,,
209,,,,,,,,,0.25,,,,,0.189189,,,,,
210,,,,0.207317,,,,,,,,,,,,,,,
211,,,,,,,,,,0.227273,,,,,,,,,
212,CAGL0H04631g,,,,,,,,0.069444,,,,,,,,,,
213,CAGL0H04609g,0.070707,,,,,,,,,,,,,,,,,
214,CAGL0H04609g,,,,0.052632,,,,,,,,,,,,,,
215,CAGL0H04521g,,,,0.051282,,,,,,,,,,,,,,
216,CAGL0H04367g,,0.072917,,,,,,,,,,,,,,,,
217,CAGL0H04037g,,,,,,,,,,,0.071429,,,,,,,
218,,0.096154,,,,,,,,,,,,,,,,,
219,CAGL0H03509g,,0.065934,,,,,,,,,,,,,,,,
220,CAGL0H03509g,,,,,,,,,,,,,,,,,0.067308,
221,CAGL0H03399g,,,,,,,,,,,,,,0.0625,,,,
222,CAGL0H03047g,,0.132353,,,,0.074074,,,,,,,0.111111,,,,,0.064935
223,CAGL0H02959g,,,,0.064935,,,,,,,,,,,,,,
224,CAGL0H02959g,,,,,,,,,,,0.117647,,,,,,,
225,CAGL0H02959g,,,,,,,,,,0.130435,,,,,,,,
226,CAGL0H02497g,,,,,,,,,,,,,,0.054348,,,,
227,,,,0.056075,,,,,,,,0.054054,,0.061224,,,,0.06,
228,,,,,,,,,,,,,,,,0.108696,,,
229,,,,,,,,,,0.088889,,,,,,,,,
230,CAGL0H02123g,,,,,,,,,,,,,0.157143,,,,,
231,,0.076923,,,,,,,,0.071429,,,,,0.061224,0.075,,,
232,,,,,,,,,,,,0.066667,,,,,,,
233,,,,,,,,,,,,,0.083333,,,,,,
234,,,,,,,,,,,0.115942,,,,,,,,
235,,,,,0.083333,,,,,,,,,,,,,,
236,CAGL0G10219g,,,0.139535,,,,,,,,,,,,0.163043,,,
237,CAGL0G10219g,,,0.152941,,,,,,,,,,,,0.164835,,,
238,,,,,,,,,,,,,,0.084507,,,,,
239,CAGL0G10153g,,,,,,,0.207547,,,,,,,,,,,
240,CAGL0G10109g,,,,,,,,,,,,,,,0.079208,,,
241,CAGL0G09757g,,,,,,,,,,0.065217,0.068966,0.075,,,,,,
242,CAGL0G09757g,0.074074,,,,,,,,,,,,0.074074,,,,,
243,CAGL0G09757g,,,,,,0.076923,,,,,,,,,,,,
244,,,,,0.074074,,,,,0.088608,,,0.117647,0.068627,0.074074,0.081081,,0.088608,0.114754
245,,,0.052174,,,,,,,,,,,,,,,,
246,,,,,,,,,,,,,0.069767,,,,,,
247,CAGL0G09537g,,,,,,,,,,,,0.055556,,,,,,
248,,,,,,,,,,,,,,,,,,0.0875,
249,,,,,,,,,0.074074,,,,,0.105263,,,,,
250,,,,,,,,,,,,,,,,,0.090909,,
251,CAGL0G09273g,,,,,,,,,,,,,,0.072165,,,,
252,CAGL0G09086g,0.141304,,,,,,,,,,,,,,,,,
253,CAGL0G09042g,,,,,,0.06422,,,,,,,,,,,,
254,CAGL0G09042g,0.065217,,,,0.069767,,,,,,,,,,,,,
255,CAGL0G09020g,,,,,0.064935,,,,,,,,0.09375,,0.113924,,,
256,,0.075949,,,0.09589,,,,,,0.068493,,,,,,,,
257,,,0.070588,,,,,,,0.053191,,,,,,,,,
258,CAGL0G08888g,,,,0.19697,,,,,,,,,,,,,,
259,CAGL0G08822g,,,,,,,,,,,,,,,,0.054348,,
260,,,,,,,0.073171,,0.104478,,0.089888,,,,0.066667,,,,
261,,,,0.069767,,,,,,,,,,,,,,,
262,CAGL0G08558g,,0.065421,,,,,,,0.07767,,0.059406,,,,,,,
263,CAGL0G08558g,,,,,,,,,,,,,,,,0.1,,
264,CAGL0G08063g,,,,,0.069444,,,,,,,,,,,,,
265,CAGL0G08041g,,,,,,,,,,,,,0.09589,,,,,
266,CAGL0G07689g,0.179775,,,,,,0.126582,0.125,,,,,0.166667,,,,,
267,CAGL0G07667g,0.079365,,,,,0.091954,,,,,,,,,,,,
268,CAGL0G07579g,,,,,,,,0.148649,,,,,,,,,,
269,CAGL0G06446g,,,,,,0.054348,0.064935,,,,,,,,,,,
270,CAGL0G06358g,0.066667,,,,,,0.095238,,,,,,,,,,,
271,CAGL0G06358g,,,,,,0.37037,,,,,,,,,,,,
272,CAGL0G06138g,,,,,,0.079208,,,0.056075,,,,,,,,,
273,,,0.054054,,,,,,,,,,,,,,,,
274,CAGL0G05962g,0.084615,,,,,,,,,,,,,,,,,
275,CAGL0G05786g,,,,,,,0.082192,,,,,,,,,,,
276,CAGL0G05786g,,,,,,,,,,,,,,,0.063158,,,
277,CAGL0G05720g,,,,,,,,,,,,,0.074468,,,,,
278,CAGL0G05698g,,,,,,,0.088235,,,,,,0.078947,,,,,
279,,,,,,,0.058252,,,,,,,,,,,,
280,,,,,,,,,,,,0.058824,,,,,,,
281,CAGL0G05423g,,,,,,0.058333,,,,,,,,,,,0.059406,
282,,,,,,,,,,,,,,,,0.093333,,,
283,,0.064516,,,,,,,,,,,,,,0.101266,,,
284,,,,,0.065789,0.068966,,,,,,,,,,,,,
285,,,,,,,,,,,,,0.071429,,,,,,
286,CAGL0G04763g,0.057971,,,,,,,,,,,,,,,,,0.063291
287,CAGL0G04609g,,,0.052632,,,,,,,,,,,,,,,
288,CAGL0G04499g,,,,,,,,0.130952,,,,,,,,,,
289,,,,,,,,,0.05814,,,,,,,,,,
290,CAGL0G04279g,,,,,0.057143,,,,,,,,,,,,,
291,CAGL0G04279g,,,,,0.057143,,,,,,,,,,,,,
292,CAGL0G03971g,,,,,0.130081,,,,,,,,,,,,,
293,CAGL0G03971g,,,,,,,,,,,,,,0.13,,,,
294,,,,,0.065217,,,,,,0.096386,,,0.082353,,,,,
295,CAGL0G03927g,,,,,,,,0.069767,,,,0.069444,,,,,,
296,CAGL0G03883g,,,,,,,,,0.152174,,,,0.079545,,,,,
297,CAGL0G03861g,,,,0.095745,,,,,,,,,,,,,,
298,CAGL0G03795g,,,,,,,,,0.107692,,,,,,,,,
299,CAGL0G03795g,,,,,,0.421569,,,,,,,,,,,,
300,CAGL0G03795g,,,,,,,,,,,,,,,,,,0.065934
301,CAGL0G03773g,,,0.069565,,0.065574,,,,,,,,0.055118,,,,,
302,,,,,0.052083,,,,,,,,,,,,,,
303,,,,,,,,,,,,,0.053763,,,,,,
304,CAGL0G03289g,0.06383,,,,,0.074766,,,,,,,,,,,,
305,CAGL0G03289g,,,,,,,,,,,,,0.070588,,,,,
306,,,,,,,,,,0.078947,,,,,,,,,
307,CAGL0G02959g,,,,,,,0.064935,,,,,,,,,,,
308,CAGL0G02937g,,0.0625,,,0.069444,,,,,,,,,,,,,
309,,,,,,,,,,,,,,,,,,,0.053763
310,,,,0.057471,,,,,,,,,,,,,,,
311,CAGL0G02717g,,,,,0.082192,,,,,,,,,,,0.079365,,
312,,,,,,,,,,,,,,,,,0.060241,,
313,CAGL0G02409g,,,,,,0.074074,,,,,,,,,,,,
314,CAGL0G01386g,,,,,,,,,,,,,,0.12766,,,,0.146341
315,CAGL0G01320g,,,,,,,,,,,,,,,,0.806452,,0.953125
316,CAGL0G01320g,,,,,,,,,,,,,,,,0.064935,,
317,CAGL0G01144g,,,,,,,,,,,,,,,,,0.067961,
318,,0.070423,,,,,,,,,,,,,,,,,
319,CAGL0G01078g-T-E2,,,,,,,0.073171,,,,,,,,,,,
320,,,0.075,,,,,,,,0.067568,,,,,,,0.111111,
321,CAGL0G00836g,,,,,,,,,,,,,,0.102273,,,,
322,,,,,,,,,0.133333,,,,,,,,,,
323,,,,,0.05814,,,,,,,,,,,,,,
324,,,,,,,,,,,0.066667,,,,,,,,
325,CAGL0D00264g,,,,,,,,,,,,,0.068182,,,,,
326,CAGL0D00264g,0.064103,,,,,,,,,,,,,0.072072,,,,
327,,,,,0.101695,,,,,,,,,,,,,,
328,,,,,,0.102804,,,,,,,,,,,,,
329,,,,,,,,,0.083333,,,,,,,,,,
330,,,,,,0.054348,,,,,,,,,,,,,
331,,,,,,,,0.050633,,,,,,,,,,,
332,CAGL0D01298g,,,,,,,,0.064103,0.068493,,,,,,0.066667,,,
333,CAGL0D01298g,,,0.069767,,,,,,,,,,,,,,,
334,CAGL0D01584g,,0.090909,,,,,,,,,,,,,,0.117647,,
335,CAGL0D01892g,,,,,,,,,,,0.063158,,,,,,,
336,,,,,,,,,,,0.074074,,,,,,,,
337,CAGL0D02222g,,,,,,,,,,,0.213333,,,,,,,
338,,,,,,,,,,,,,,,,,,,0.06383
339,CAGL0D02904g,,,,,,,,,,,,,,,0.061856,,,
340,CAGL0D03586g,,,,,,,,,,,,,,,,0.106061,,
341,,,0.069767,0.082353,,,,,,0.073171,,0.087912,,,0.051282,,,,
342,,,,,,,,,,,,,,,,,,,0.076923
343,CAGL0D04642g,,0.1,0.098039,0.084906,0.0625,,,,,0.118812,0.06422,,,,,,,0.081633
344,,,,,0.08,,,,,,,0.056818,,,,,,,
345,CAGL0D04708g,,,,,,0.063636,,,,,,,,,0.10989,,,0.07
346,CAGL0D05082g,,,,,,,0.066038,,,,,,,,,,,
347,CAGL0D05148g,,0.065217,,,,,,,,,,,,,,,,
348,CAGL0D05434g,,,,0.070588,,,,,,,,,,,,,,
349,CAGL0D05434g,,,,,,,,,,,,,,0.055556,,,,
350,,,,,,0.053571,,,,,,,,0.077778,,,,,
351,CAGL0D05456g,,,,,,,,,,,,,,0.107527,,,,
352,CAGL0D05544g,,,,,,,,0.098765,,,0.059322,,,,,,0.053571,
353,,,,,,,,0.063063,,,,,,0.066667,,,,,
354,CAGL0D06292g,,,,,,,,0.071429,,,,0.08,,,,,,
355,CAGL0D06336g,,,,,,,,,,,,,,0.051546,,,,
356,CAGL0D06424g,,,,,,,,0.063291,,0.060241,,0.05618,,,,,,
357,,,,,,,,,0.076923,,,,,,,,,,
358,CAGL0D06710g,,,,,,,,,0.107143,,,,,,,,,
359,CAGL0D06710g,,,,0.079545,,,,,,,,,,,,,,
360,CAGL0D06710g,,,,,,,,,,,,,,,,,,0.115942
361,,,,,,0.236686,,,,,,,,,,,,,
362,CAGL0E00231g,,,,,,,,0.073684,,,,,,,,,,
363,,,,,,,,,,,,,,,,0.058824,,,
364,CAGL0E00275g,,,,,0.057471,,,,,,,,,,,,,
365,CAGL0E00561g,0.060241,,,,,,,,,,,,,,,,,
366,,,0.068182,,,,,,,,,,,,,,,,
367,CAGL0E00693g,,,,,,,,,,0.05,,,,,,,,
368,CAGL0E00693g,,,,,,,,,,,,,0.067961,,,,,
369,CAGL0E00737g,,,,,,,,0.218182,,,,,,,,,,
370,CAGL0E00891g,,,,,,0.061856,,,,,,,,,,,,
371,,,,0.061728,,,,,,,,,,,,,,,
372,CAGL0E01331g,,,,,0.065421,,,,,,,0.055046,,0.086538,,,0.051724,
373,CAGL0E01331g,,,,,,,,,,0.067568,,,,,,,,
374,CAGL0E01617g,,,,0.061404,,,,,,,,,,,,,,
375,,,,0.0875,,,,,,0.070588,,,,0.0625,,,,,
376,,,,,,,,,,,,,,,,,,0.053097,
377,CAGL0E02057g,,,,,,,,,0.061728,,,,,,,,,
378,CAGL0E02057g,,,,,,,,,0.063291,,,,,,,,,
379,CAGL0E02255g,,,,,,,,,,,,,,0.074074,,,,
380,CAGL0E02805g-T-E2,,,0.066667,,,,,,,,0.06,,,,,,,
381,CAGL0E02893g,,,,,,,,,,,,,,,0.069444,,,
382,CAGL0E03355g,,,,,,,,,,,0.093333,,,,,,,0.067416
383,CAGL0E03366g,,,,,,,,,0.114754,,,0.150943,,,,,,
384,,,,0.173913,,,,,0.175676,,,,,,,,,,
385,,,,,,,0.162162,,,,,,,,,,,,
386,,,,,,,0.173333,,,,,,,,,,,,
387,CAGL0E03476g,,,,,0.46,,,,,,,,,,,,,
388,CAGL0E03630g,,,,,,,,,,,,,,,,,0.065789,
389,CAGL0E03630g,0.065789,,,,,,,,,,,,,,,,,
390,CAGL0E03630g,,0.068493,,,,,,,,,,,,,,,,
391,,,,,,,,,,,,,,0.065934,,,,0.06383,
392,,,,,,,,,,,,0.070707,,,,,,,
393,,,,,,,,,,,,,,,,,,0.06383,
394,,,,0.113924,,,,,,,,,,,,,,,
395,CAGL0E03872g,,,,,,,,,,0.056338,,,,,,,,
396,CAGL0E03894g,0.122449,,,,,,,,,,,,,,,,,
397,CAGL0E03894g,,,,,,,,,,0.106383,,,0.619718,,0.125,,,
398,CAGL0E03916g,,,,,,,,,,0.08,,,,0.076087,,,,
399,CAGL0E04092g,0.056818,,,,,,,,,,,,,,,,,
400,CAGL0E04158g,,,,,,,,,,,,,,,0.089552,,,
401,CAGL0E04268g,,,,,,,0.063291,,,,,,,,,,,
402,,,0.069767,0.059524,,,,,,,,,,0.074074,,,,,
403,,,,,0.066667,,,,,,,,,,,,,,
404,CAGL0E04774g,,,,0.096154,,,,,,,,,0.128205,,0.106383,,,
405,CAGL0E04796g,,,,,,0.061224,,,,,,,,,,,,
406,CAGL0E04796g,,,,,,,0.052083,,,,,,,,,,,
407,CAGL0E05170g,0.053097,,,,,,,,,,,,,,,,,
408,,,,,,,0.073684,,,,,,,,,,,,
409,CAGL0E05500g,,,,,,0.051724,,,,,,,,,,,,
410,,,,,,,,,,,,,0.065934,,,,,,
411,,0.054054,,,,0.06383,,,,,,,,,,,0.076923,,
412,CAGL0E05786g,0.051724,,,,,,,,,,,,,,,,,
413,CAGL0E05874g,,,,,,,,,,,,,0.054945,,,,,
414,CAGL0E05962g,,,,,,,,,,,,,,,,,,0.093333
415,CAGL0E06160g,,,,,,,0.055556,,,,,,,,,,,
416,CAGL0E06600g,,,,,,0.065217,,,,,,,,,,,,
417,CAGL0B04939g,,,,,,,0.12037,,,,,,,,,,,
418,CAGL0B04895g-T-E2,,,,,,,,,,0.060606,,,,,,,,
419,CAGL0B04895g-T-E2,,,0.061856,,,,,,,,,,,,,,,
420,CAGL0B04895g,,,,0.065217,,,,,,,,,,0.059829,,,0.057692,
421,CAGL0B04895g,,,,,,,,,,,,,0.067961,0.058824,,0.074074,,
422,CAGL0B04895g,,,,,,0.055556,,,0.074074,,,,,,,,,
423,CAGL0B04389g,,,,,,,0.054945,,,,,,,,,,,
424,CAGL0B04257g,,,,,,,,,,,,,0.054054,0.065934,,,,0.070423
425,CAGL0B04257g,,,,0.103093,,,0.094737,,,,,,,,,,,
426,,,,0.071429,,,,,,,,,,,,,,,
427,CAGL0B04191g,,0.082569,,,,,,,,,,,,,,,,
428,CAGL0B04169g,,,,,,,,,,,0.156863,,,,,,,
429,CAGL0B03839g,,,,,,,,,,,0.169231,,,,,,,
430,CAGL0B03663g,,,,,,,,,,,,,0.066667,,,,0.066667,
431,CAGL0B03619g,,,,0.054348,,,,,,,,,,,,,,
432,,,0.075949,,,,,,0.081633,,,,,,,,,,
433,CAGL0B03355g,,,,,,,,0.125,,,,,,,,,,
434,CAGL0B03223g,,,,,,,,,,,,,,,,,,0.060241
435,,,0.054348,,,,,,,,,,,,,,,,
436,CAGL0B03113g,,,,,,,,,,,,,,,,,,0.123077
437,CAGL0B03047g,,,,,,,,,,,,,,,,0.075,,
438,CAGL0B02882g,,,,,,,,0.131579,,,,,,,,,,
439,CAGL0B02585g,,,,,,,,,,,,,,,,,0.060241,
440,CAGL0B02497g,,,,,,,,,,,,,,,,,0.057143,
441,CAGL0B02453g,0.066176,,,,,,,,,,,,,,,,,
442,CAGL0B02211g,,,,,,,,,,0.055556,,,,,,,,
443,CAGL0B01859g,0.056911,,,,,,,,,,,,,,,,,
444,,,,0.065934,,,,0.097826,,,,,,,,,,,
445,CAGL0B01353g,,,0.059524,,,,,,,,,,,,,,,
446,CAGL0B01287g,,,,,,,,,,,0.059701,,,,,,,
447,,,,,,,0.052632,,,,,,,,,,,,
448,CAGL0B00814g,,,,,,,,,,0.056818,,,,,,,,
449,CAGL0B00550g-T-E1,,,,,,,0.060976,,,,,,,,,,,
450,CAGL0B00550g,,,,,,,,,0.064935,,,,,,,,,
451,CAGL0B00308g,,,,,,,,,,0.061538,,,,,,,,
452,CAGL0J00132g,,,,0.052174,,,,,,,,,,,,,,
453,CAGL0J00132g,,,,0.051724,,,,,,,,,,,,,,
454,,,,,,,,,,0.108434,,,,,,,,,
455,CAGL0J00253g,,,,,,,,,,0.061728,,,,,,,,
456,CAGL0J00429g,0.054945,,,,,,,,,,,,,,,,,
457,CAGL0J00429g,,,,,,,,,,,,,,,,0.068182,,
458,CAGL0J00451g,,,,,,,,0.05814,,,,,,,,,,
459,CAGL0J00539g,,,,,,,,,0.159574,,,,,,,,,
460,,,,,,,0.060606,,,,,,,0.056075,,,,,
461,,,,,,,,,,0.064516,,,,,,,,,
462,CAGL0J00968g,,,,,,,,,,,,,0.060606,,,,,
463,CAGL0J01529g,,,,,,,,,,,,,,,,,,0.162162
464,CAGL0J01529g,,0.084746,,,,,,,,,,,,,,,,
465,,,,,,,,,,,,,,,,,0.074468,,
466,,,,,,,,,,0.054945,,,,,,,,,
467,,,,,0.1,,0.08,,,,,,,,,,,,
468,CAGL0J01595g,,,,,,,,,,,,,,,0.067308,,,
469,CAGL0J01595g,,0.059524,,,,,,,,,,,,,,,,
470,,,,,,,,,,,,,,0.073529,,,,,
471,CAGL0J01980g,,,,,,0.057971,,,,,,,,,0.053571,,,
472,CAGL0J02266g-T-E2,0.089109,,,0.053846,,,,,,,,,,,,,,
473,,,,,,,,,,,,,,,,,,,0.106383
474,,,,0.114754,,,,,,,,,,,,0.107143,,,
475,,0.076087,0.072289,,,,,,,,,,,,0.085106,,,,
476,CAGL0J03190g,0.072464,,,,,,,,,,,0.065789,,,,,,0.082192
477,,,,,,,,,,,,,,,0.083333,,,,
478,CAGL0J03256g,,,,,,,,,,,,,0.085938,,,,,
479,,,,,,,,,,,,,,,,0.072464,,,
480,CAGL0J04466g,,,,,,,,,,,,,,,0.064935,,,
481,CAGL0J04642g,,,0.321429,,,,,,,,,,,,,,,
482,CAGL0J04642g,,,,,,,0.075,,,,,,,,,,,
483,,,,,,,0.057143,,,,,,,,,,,,
484,,,,,,,,,,,,,0.068493,,,,,,
485,,,,,,,,,,0.083333,,0.090909,,,,,,,
486,,,,,,,,,,,0.055556,,,,,,,,
487,,,,,,,,,,,,,,,,0.074468,,,
488,,,,,,,,,,,,,,0.078947,,,,,
489,CAGL0J05654g,,,,,,,,,,,,,0.064103,,,,,
490,,,,,0.0625,,,0.084337,,,,,,,,0.06,,,
491,,,,,,,0.059406,,,,0.060976,,,,,,,,
492,CAGL0J06006g,,,,,,,,0.070175,,,,,0.050847,,,,,
493,CAGL0J06314g,,,,,,,,,,,,,,,,,0.152941,
494,CAGL0J06600g,,,,,,,,,,,0.060241,,,,,,,
495,CAGL0J06996g,,,,,,,,,,,,,,,0.184615,,,
496,CAGL0J07062g,,,,,,,,,,,0.060241,,,0.052632,,,,
497,CAGL0J07062g,,,,,,,,,,,,,0.068966,,,,,
498,CAGL0J07282g,,,,,,,,,,,,,,,,0.088608,,
499,CAGL0J07282g,,,,,,0.065217,,,,,,,,,,,,
500,CAGL0J07282g,,,,,,,,,,,,,,,,0.157895,,
501,CAGL0J07546g,,,,,,,,0.228571,,,,,,,,,,
502,CAGL0J07678g,,,,,,,,,0.091954,,,,,,,,,
503,,,,,,,,,,0.067416,,,,,,,,0.065934,
504,CAGL0J07854g,,,,,,,,,,,,,,0.136364,,,,
505,CAGL0J08162g,,0.091837,,,,,0.078947,,0.061856,,,,,,,,,
506,CAGL0J08228g,,,,,,,,,,,,0.070588,0.075269,,0.068966,,,
507,CAGL0J08591g,,,0.05618,,,,,,,,,,,,,,,
508,,,,,,,,,,,,0.053191,,,,,,,
509,CAGL0J09064g,,,,,,,,,0.094595,,,,,0.103448,,,,
510,,,,,,,,,,,,0.058824,,,,,,,
511,CAGL0J09658g,,,,,,,,,,,,0.186047,,,,,,
512,CAGL0J09900g,,,,,,,0.086957,,,,,,,,0.076923,,,
513,,,,,,,,,,,,,,0.053191,,,,,0.072289
514,CAGL0J09922g-T-E1,,,0.06383,,,0.053097,,,,,,,,,,,0.068627,
515,CAGL0J10120g,,,,,,,,,,,,,,,,,0.075949,
516,CAGL0J10384g,0.060241,,,0.055556,,,,,,,,,,,,,,
517,,,,,,0.055556,,,,0.059406,,0.060606,0.073171,,,,,,
518,,,,,,,,,,0.064935,,,,,,,,,
519,,,,,,,,,,,,,,,,,0.085714,,
520,CAGL0J11528g,,,,0.077922,,,,,,,,,,,,,,
521,CAGL0J11550g,,,0.08046,,,,,,,,,,,,,,,
522,CAGL0J11638g,,,,,,,,,,,,,,,0.059406,,,
523,CAGL0J11638g,,,,,,,,0.085714,,,,,,,,,,
524,CAGL0J11660g,,,,,,,,,,0.068182,,,,,,,,
525,CAGL0J11660g,,,,,,,,,,,,,,,,,,0.069767
526,,,,,,,,,,,,,,,,,,,0.105882
527,CAGL0J11858g,,0.112069,,,,,,,,,,,,,,,,
528,,,0.072917,,,,,,,,,,,,,,,,
529,,0.075,,,,,,,,,,,,,,,,,
530,CAGL0M14300g,,,0.107692,,,,,,,,,,,,,,,
531,,,,,,,,,,,,,,,,0.064356,,,
532,,,,,,,,,,,,,,,,,,0.051852,
533,CAGL0A04829g,,,,,,,,,,,,,,,,0.063158,,
534,CAGL0A04785g,,0.054545,0.072289,,,,,,,,,,,,,,,
535,CAGL0A04785g,,,,,,,,,,,,,,,0.077922,,,
536,,,,,,,,,0.08,,,,,,,,,,
537,,,,,,,,,,,,0.082474,,,0.074074,,,,
538,CAGL0A04213g,,,,,,,,,,,,,,,,,,0.08642
539,CAGL0A04103g,,,,,,,,,,0.188119,,,,,,,,
540,,,,,,,,,,0.063063,,,,,,,,,
541,,,,,0.060606,0.056075,,0.063158,0.071429,,0.056604,0.059406,0.063158,,0.061856,0.070707,,,
542,,,,,0.065934,0.072917,0.058824,,,0.081633,,,,,,,,,0.065789
543,,,,,,0.061728,,,,,,,,,,,,,
544,CAGL0A03051g,,,,,,,,,,0.066667,,,,,,,,
545,CAGL0A02838g,,0.056818,,,,,,,,,,,,,,,,
546,CAGL0A02321g,0.060606,,,,,,,,,,,,,,,,,
547,CAGL0A02321g,,,,,,,,,,,,,,,0.058252,,,
548,,,,,,,,0.066667,0.083333,,,,0.102564,,,,0.071429,,
549,,0.076087,0.1,,,0.072917,,,0.068966,,,,,,,,,,
550,,0.06,,,,,,,,,,,,,,,,,
551,,,,,,,,,,,,,,,0.083333,,,,
552,CAGL0A01738g,0.273973,,,,,,,,,,,,,,,,0.254902,
553,CAGL0A01738g,,,,,,,0.202247,,,,,0.348837,,,,,,
554,CAGL0A01738g,,,,,,,,,,,,,,0.170732,,,,
555,CAGL0A01650g,,,,,,,,,0.064103,0.069307,,,,,,,,
556,,,,,,,,,,,,,,,,,,0.051471,
557,,,,,,,,,,,,,0.065789,,,,,,
558,CAGL0A01540g,,,,,0.098901,,,,,,,,,,0.052632,,0.05,
559,CAGL0A01540g,,,,0.058252,,,,,,,,,,,,,,
560,,,,,,,0.089109,,,,,0.053191,,,,,,,
561,CAGL0A01023g,,,,,,,,0.06,,,,,,,,,,
562,CAGL0A00605g,,,,0.09434,,,,,,,,,,,,,,
563,CAGL0A00451g,,,,,,,,,,,,,0.074074,,,,,
564,CAGL0A00451g,,,,,,,,,,,,,,0.067416,,,,
565,CAGL0A00187g,,,,0.22449,,,,,,,,,,,,,,
566,CAGL0A00099g,,,0.087719,,,,,,,,,,,,,,,
567,CAGL0A00099g,,,0.101562,,,,,,,,,,,,,,,
568,CAGL0A00099g,,,0.078571,,,,,,,,,,,,,,,
569,CAGL0A00099g,,,0.056,,,,,,,,,,,,,,,
570,CaglfMt19,,,,,,,,0.116456,,,,,,0.064885,,,,
571,,,,0.055431,,0.053087,,,,,,,,,,,,,
572,CaglfMp02,,,,0.075949,,,0.142857,,,,,,,,,,,
573,,,,,,,0.054688,,,,,,,,,,,,
574,,,,,,0.074627,,0.125,,,,,,,,,,,
575,CAGL0F09119g,,,,0.058824,,,,,,,,,,,,,,
576,CAGL0F09053g,,,0.089286,,,,,,,,0.086957,,,,,,,
577,CAGL0F09053g,,,,,,,0.136986,,,,,,,,,,,
578,CAGL0F08943g,,,,,,,,,,,,,0.56338,,,,,
579,CAGL0F08393g,,0.075758,,,,,,,,,,0.074627,0.063291,,,,,
580,CAGL0F08371g,,,,,,,,,,,,0.077922,,,,,,
581,,,0.059406,,,,,,,,,,,,,,,,
582,CAGL0F08041g,,,,,,,,0.064815,,,,,,,,,0.070175,
583,CAGL0F08041g,,,,,,,0.076923,,,,,,,,,0.0625,,
584,CAGL0F07909g,,,,,,,,,,,,0.055556,,,0.054348,,,
585,,,,,,0.06,,,,,0.068182,,,,,,,,
586,,,,0.085366,,,,,,,,,,,,,,,
587,CAGL0F07579g,,,,,0.06383,,,,,,,,0.056818,,,,,
588,CAGL0F07359g,,,,,0.065934,,,,,,,,,,,,,
589,CAGL0F07315g,,,,,,,,,,,,,0.215385,,,,,
590,CAGL0F07315g,,0.246753,,,,,,,,,,,,,,,,
591,CAGL0F07315g,,0.25641,,,,,,,,,,,,,,,,
592,CAGL0F07073g,,,,,,,,,,,0.1,,,,,,,
593,CAGL0F07007g,,,,,0.063291,,,,,,,,,,,,,
594,,,,,,,,,0.064935,,,,,,,,,,
595,,,0.089888,,,,,,,,,0.064516,,,,,,,
596,CAGL0F06149g,,,,,,,,,,,,,,,,,,0.253333
597,CAGL0F06149g,,,,,,,,,,,,,,,,,,0.24
598,CAGL0F06149g,,,,,,,,,,,,,,,,,,0.266667
599,,,,,,,0.085714,,,0.064516,,,,,,,,0.061856,0.064935
600,CAGL0F05819g,,,0.139785,,0.12766,,,,,,,,0.159091,,,,,0.177778
601,,,,,,,,,,,,,,0.083333,,,,0.076923,
602,,,0.055556,,,,,,,,,,,,,,,,
603,CAGL0F05115g,,,,,,,,,0.072289,,,,,,,,,
604,CAGL0F04939g,,,,,,,0.096386,,,,,,,,,,,
605,,,,,,,,,0.078947,,,,,,,,,,
606,,,,,,,,,,,,,,0.125,,,,,
607,,,,,,,,,,0.076087,,,,,,,0.103896,,
608,CAGL0F04631g,,,,,,,,,0.144928,,,,,,,,,
609,CAGL0F04587g,,,,,,,0.133333,,,,,,,,,,,
610,CAGL0F04565g,,,,,0.089888,,,,,,,,,,,,,
611,,,,,,,,,,,,,,0.085106,,,,,
612,,,,,,,,,0.125,,,,,,,,,,
613,,,,,,0.078947,,,,0.076923,0.082192,,,0.070423,,0.070588,,,0.073529
614,CAGL0F04521g,,,,,,0.055556,,,,,,,,,,,,
615,CAGL0F04257g,,,,,,,0.067568,,,,,,,0.05102,,,,
616,,,,,,,,,0.072289,,,,,,,,,,
617,,,,,0.115385,0.086957,,,,,,,,,,,,,
618,CAGL0F04125g,,,,,,,,,,,,,,0.154762,,,,
619,CAGL0F04125g,,0.086957,,,,,,,,,0.078947,,,,,,,
620,CAGL0F04015g,,,,,,0.074627,,,,,,0.106383,,,,,,
621,CAGL0F04015g,0.157895,,,,,,,,,,,,,0.181818,,,,
622,CAGL0F04015g,,,0.098592,,,,,,,,,,,,0.153846,,,
623,CAGL0F04015g,,,,,,,,,,0.15,,,,,,,,
624,CAGL0F03971g,,0.054795,,,,,,,0.05,,,,,,0.056338,,,
625,CAGL0F03751g,,,,,,,,0.051546,,,,,,,,,,
626,,,,,0.089286,,,,0.153846,,,,,,,,,,
627,CAGL0F03399g,,,,,,,,,,,,,0.053763,,,,,
628,CAGL0F03399g,,,,,,,,,,,0.054348,,,,,,,
629,,,,0.083333,,,,,,,,,,,,,,,
630,CAGL0F02497g,,0.118421,,,,,,,,,,,,,,,,0.121212
631,,,,,0.078431,,,,,,,,,,,,,,
632,CAGL0F02035g,,,,,,,,,,,,,0.11,,,,,
633,CAGL0F01727g,,,,0.055556,,,,,,,,,,,,,,
634,CAGL0F01463g,,,,,,,,,,,,,,,,,0.051282,
635,,,,,,,,,0.160494,,,,,,0.091954,,,,
636,CAGL0F01243g,,,,,0.069307,,,,0.060976,,,,,,,,,
637,CAGL0F01243g,,,0.133333,,,,,,,,,,,,,,,
638,CAGL0F00913g,,,,0.06,,,,,,,,,,,,,,
639,,,,,,,,,,0.056818,,,,,,,,,
640,,,,,,,,,,,,,,,,,,,0.053333
641,CAGL0F00495g,,,,,,,,,,,,,0.086957,,,,,
642,CAGL0F00495g,,,,,,,,0.235294,,,,,,,,,,
643,CAGL0F00495g,,,,,,,,,,0.090909,,,,,,,,
644,,,,,,,,,,0.054945,,,,,,,,,
645,CAGL0F00275g,,,,,,,,,,,,0.089552,,,,,,
646,,,,,,,,,0.051948,,,,,,,,,,
647,CaglfMp04,,,,,,,,,,,,,,,0.756757,,,
648,CAGL0M13827g,,,,,,,,,,,0.065217,,,,,,,
649,CAGL0M13761g,,,,,,,,,,,,,0.074074,,,,,
650,CAGL0M13585g,,,,,,,0.068966,,,,,,,,0.0625,,,
651,CAGL0M13409g,,,0.271845,,,,,,,,,,,,,,,
652,CAGL0M12837g,,,0.433333,,,,,,,,,,,,,,,
653,CAGL0M12771g,,,,0.067308,,,,,0.09,0.107843,,,,,,,,
654,CAGL0M12595g,,,,,,,,,,,,,,,,0.088608,,
655,CAGL0M12474g,,,,,,,,,,,,,,,,0.065217,,
656,CAGL0M12474g,,,,,,,,,,,,,,,0.108696,,,
657,CAGL0M12430g,,,,,,,,,,,,,0.06,,,,,
658,,,,,,,,,0.076087,,,,,,,0.051282,,0.093023,
659,CAGL0M12320g,,,,,,,0.057471,,,,,,,,,,,
660,,,,,,,,,,,,,,,,0.071429,,,
661,CAGL0M12100g,,,,0.076923,,,0.075949,,,,,,,,,,,
662,CAGL0M12100g,,,,,,,,0.069767,,,,,,,,,,
663,CAGL0M12056g,,,,,,,,,,0.053191,,,,,,,,
664,,,,,,,,,,,,,,,,0.069767,,,
665,,,,,,,,,,0.22449,,,,,,,,,
666,CAGL0M12001g,0.078947,,,,,,,,,,,,,,,0.064935,,
667,CAGL0M11990g,,,,0.074074,,,,,,,,,,,,,,0.092105
668,CAGL0M11748g,,,,,,0.060606,,,,,,,,,,,,
669,CAGL0M11726g,,,,,,0.060241,,,,,,,,,,,,
670,CAGL0M11704g,,0.068182,,,,,,,,,,,,,,,,
671,CAGL0M11264g,,0.05,,,,,,,,,,,,,,,,
672,CAGL0M10307g,,,,,,,,,,,,,0.056604,,,,,
673,CAGL0M10235g,,,,,,,,0.063291,,,,,,,,,,
674,CAGL0M10219g,,,,,,,,,,,,0.075949,,,,,,
675,,0.063158,,,,,,,,,,,,,,,,,
676,CAGL0M09515g,,,0.053097,,,,,,,,,,,,,,,
677,CAGL0M09361g,,,,,,,,,,0.065217,,,,,,,0.051282,
678,CAGL0M09020g,,,0.080645,,,,,,,,,,,,,,,
679,,,,0.061856,,,,0.069767,,,,,,,,,,,
680,CAGL0M08800g,,,,,,,,,,,,,,,0.068966,,,
681,,,,,,0.063291,,,,,,,,,,,,,
682,,,,,,,0.052174,,,,,,,,,,,,0.074074
683,CAGL0M08492g,,,,,,,,,,,,,,,0.190476,,,
684,CAGL0M08492g,,,,,0.264706,,,,,,,,,,,,,
685,CAGL0M08492g,,,,,0.257576,,,,,,,,,,,,,
686,CAGL0M08492g,,,,,0.257576,,,,,,,,,,,,,
687,CAGL0M08228g,,,,,,,,,,,0.133333,,,,,,,
688,CAGL0M08228g,,,,,,,,,,,,,,0.648148,,,,
689,,,,,,,,,,,,,,0.060345,,,,,
690,,,,,,,,,0.135802,,,,,,,,,,
691,CAGL0M07315g,,,,,,,,,,,,,,,,,,0.056075
692,CAGL0M07293g,,,,,,,,,,,0.052083,,,,,,,
693,CAGL0M07161g,,,,,,,,,,,,0.065934,,,,,,
694,CAGL0M07001g,,,0.315068,,,,,,,,,,,,,,,
695,CAGL0M06325g,,,,,,,0.05102,,,,,,,,,,,
696,,,,,,,,0.058824,,,,,,,,,,,
697,CAGL0M05885g,,,,,0.06,,,,,,,,,,,,,
698,CAGL0M05599g,,,,,,,,,,,,,0.161616,,,,,
699,,,,,,,,,0.074074,,,,,,,,,,
700,,0.081081,,,,0.08,,,0.076923,,,,,,0.087912,,,,
701,,,,,,,,,,,,,,0.05814,,,,,
702,,,,,,,,0.072165,,,,,,0.0625,,0.061224,,,
703,,,,,0.186813,,,,,,,,,,,,,,
704,,,,,,,,0.05618,,,,,,,,,,,
705,,,,,,,,0.060241,,,,,,,,,,,
706,CAGL0M04829g,,,,,,,0.136364,,,,,,,,,,,
707,,,,,,,,,,,0.075949,,,,,,,,
708,CAGL0M04499g,0.076923,,,,,0.058252,,,,,,,,,,,,
709,CAGL0M04477g,,,,,,,,,,,,,,,,,0.117647,
710,CAGL0M04389g,0.063291,,,,,,,0.056818,,,,,,,,,,
711,,,,,,,,,,,,0.05814,,,,,,,
712,CAGL0M04235g,,0.054545,,,,,,,,,,,,,,,,
713,CAGL0M03949g,,0.061224,,0.066038,,,,,,,,,,,0.057143,,,
714,,,,0.066667,,,,,,,,,,,,,,,
715,CAGL0M03531g,,0.064516,,,,,,,,,,,,,,,,
716,CAGL0M03531g,0.0625,,,,,,,,,,,,0.067416,,0.070588,,,
717,,,,,,,,,,,0.322034,,,,,,,,
718,CAGL0M03355g,,0.054348,,,,,,,,,,,,,,,,
719,CAGL0M03069g,,,,,,,,,,0.093333,,,,,,,,
720,CAGL0M03025g,,,,,0.099099,,,,,,,,,,,,,
721,,,,,,,0.053763,,,,,,,,,,,,
722,,0.074627,,,,,,,,,,,,,,,,,
723,,,,,,,,,,,,,,,,,0.190476,,
724,,,,,,0.060606,,,,,,,,,,,,,
725,CAGL0M01914g,0.072289,,,,,,,,,0.081081,,,,,,,,
726,CAGL0M01914g,,,,,,,,,0.059524,,,,,,,,,
727,CAGL0M01914g,0.081301,,,,,,,,,,,,0.051546,,,,,
728,CAGL0M01848g,,,,,,,,,,0.069307,,,,,,,,
729,,,,,,,,,,,,,,,0.052632,,,,
730,,,,,,,,,,,,0.075949,,,,,,,
731,,,,,,,,,,0.073171,,,,,,,,,
732,CAGL0M01496g,,,,,,,,,,,0.068182,,,,,,0.054348,
733,CAGL0M01364g,,0.056818,,,,,,,,,,,,,,,,
734,CAGL0M00990g,,,,,,,,,,,,,,0.083333,,,,
735,CAGL0M00924g,,,,,,,,,,,,,0.068966,,0.1,,,
736,,,,,,,0.056075,,,,,,,,,,,,0.05618
737,CAGL0M00814g,,,,0.06383,,,,,,,,,,,,,,
738,CAGL0M00814g,,,,,,,,,,,,,,0.053097,,,,
739,CAGL0M00792g,,,,,,,,,0.055556,,0.057471,,,,,0.076923,,
740,,,,,,0.054054,,0.072917,,,,,,,,,,,
741,CAGL0M00286g,,,,,,,,0.080645,,,,,,,,,,
742,,,,,,,,,,,,,,0.075758,,,,,0.074627
743,CAGL0M00220g,,,,,,,0.058824,,,,,,,,,,,
744,CAGL0M00132g-T-E1,,0.063158,,,0.058252,,,,,,,,,,,,,
745,CAGL0M00132g,,,,,,,,,,,,,,0.056818,,,,
746,,,,,,,0.061856,,,,,,,,,,,,
747,,,,,,,,,,,,,,,,,,,0.075949
748,,,0.073684,,,,,,,,,,,,,,,,
749,CAGL0L13090g,,,,,,,,,,0.070423,,,,,,,,
750,CAGL0L12936g,,,,0.054545,,,,,,,,,,,,,,
751,CAGL0L12936g,,,,,,,,0.056818,,,,,,,,,,
752,,,,,,,,,0.061224,,,,,,,,,,
753,CAGL0L12122g,,,,,,,,,,,,,0.07,,,,,
754,CAGL0L12056g,,,,,,,,0.065217,,,,,,,,,,
755,,,,,,,,,0.063291,,,0.057143,,,,,,,
756,,,,0.084337,,,,,,,,,,,,,,,
757,CAGL0L11770g,,,0.104478,0.14,,,,,,,,,,,,,,
758,CAGL0L11770g,,,,,,,,,0.055556,,,,,,,,,
759,CAGL0L11704g,,,,,,,,,,0.208333,,0.25,0.264706,,,,,
760,,,,,,,,,,,,,,,0.117647,,,,
761,,,,,,,,,,,,,,0.105263,,,,,
762,CAGL0L11066g,,,,,,,,,,,,,,,,,,0.05102
763,,,0.070423,,,,,,,,,,,,,,,,
764,,,,0.08642,,,,,,,,,,,,,,,
765,CAGL0L10670g,,,,,,,,,,,,,0.061224,,,,,
766,CAGL0L10582g,,,,,,,,,,0.06,0.061856,,,,,,,
767,,,,,,,,0.060606,,,,,,,,,,,
768,CAGL0L10406g,,,,,,,,0.08,,,,,,,,,,
769,CAGL0L10362g,,,,,,,0.163043,,,,,,,,,,,
770,CAGL0L10252g,,,,,,,,,,,0.060241,,,,,,,
771,CAGL0L10186g,,,,,,,,,,,0.051546,,,,,,,
772,,,,,,0.055556,,,,,,,,,,,,,
773,CAGL0L10043g,,,0.073529,,,,,,,,,,,,,,,
774,CAGL0L09911g,,,,,,,,,,,,,,,,,0.086207,
775,CAGL0L09845g,,,0.072165,,,,,,,,,,,,,,,
776,CAGL0L09801g,,,,,,,,,,,,,,,,,,0.078652
777,,,0.057851,,,,,,,,,,,,,,,,
778,CAGL0L09251g,,,,,,,,,,,,,,,,0.056604,,
779,CAGL0L08976g,,,,,,,0.072289,,,,,,,,,,,
780,CAGL0L08976g,,,,,,,,,,,,,,,0.077922,,,
781,CAGL0L08932g,,,,,,,0.052632,,,,,,,,,,,
782,CAGL0L08822g,,,,0.052174,,,,,,,,,,,,,,
783,CAGL0L08800g,,,,,,0.055046,,,,,,,,,,,,
784,CAGL0L08646g,0.116279,,,,,,,,,,,,,,,,,
785,CAGL0L08624g,,,,,,,,,0.089552,,,,,,,,,
786,,,,,,,,,,,,,,,0.067308,,,,
787,,,,,,,,,,,,,,,,0.050505,,,
788,CAGL0L08140g,,,,,,0.060976,,,,,,,,,,,,
789,,,,,,,,,,,,,,0.061728,,,,,
790,,,,,,,,,,,,0.058824,,,,,,,
791,CAGL0L07854g,0.083333,,,,,,,,,,,,,,,,,
792,,,,,,,0.054054,,,,,,,,,,,,
793,,,,,0.092593,,,,,,,,,,,,,,
794,,,,0.05102,,,,,,,,,,,,,,,
795,CAGL0L06776g,,,,,,,,,,,,,,,,,,0.155172
796,,,,,,,,,,,,0.057471,,,,,,,
797,CAGL0L06644g,,,,,,,,,,,,,0.051724,,,,,
798,,,,,,,,,,,,,,,,,,0.10989,
799,CAGL0L06358g,,,,,,,,,,,,,0.054945,,,,,
800,,,,,,,,,,,,0.057971,,,,,,,
801,,,,,,,0.054945,0.076923,,,,,,,,,,,
802,CAGL0L06204g,,,,,,,,,,,0.097561,,,,,,,
803,CAGL0L06138g,,,,,,,,,,,,,0.074766,,,,,
804,,,,,,0.125,,,,,,,,,,,,,
805,CAGL0L05918g,,,,,,,0.064935,,,,,,,,,,,
806,,0.102941,,,,,,,,,,,,,,,,,
807,,,,,,,,,,,,,,,,0.130435,,,
808,,,,,,,,,,0.052632,,,,0.05618,,,,,
809,,,,,,,0.067568,,0.085714,,,,,,,,,,0.075758
810,,0.0625,,,,,,,,,,,,,,0.065217,0.075758,,
811,,,,,,,,,,,,,,,,,0.0625,0.071429,
812,,,,,,,,,,,,0.054348,,,,,,,
813,,0.064103,,,,,,,,0.075,0.071429,,,,0.076923,,,,
814,,,,,,,,0.067416,,,,,,,,,,,
815,,,,,,,0.079646,,,,,,,,,,,,
816,CAGL0L05456g,,0.084507,,,,,,,,,,,,,,,,
817,CAGL0L05434g,,,,,,,,,,,,,,,,,0.054945,
818,CAGL0L05434g,,,,0.061947,,,,,,,,,,0.090909,,,,
819,CAGL0L04994g,0.061728,,,,,,,,,,,,,,,,,
820,,,,,,,,,,,,,,,,,0.073171,,
821,CAGL0L04598g,,,,,,,,,,,,,,,,,0.168675,
822,CAGL0L04026g,0.090909,,,,,,,,,,,,,,,,,
823,CAGL0L03916g,,,,,,,,,0.066667,,,,,,,,,
824,CAGL0L03916g,,,,,0.083333,,,,,,,,,,0.098765,,,
825,CAGL0L03916g,,,,,,,,,,,,0.065789,,,,,,0.079365
826,CAGL0L03916g,,,,,,,,,,,0.111111,,,,,,,
827,CAGL0L03846g,,,,,,,,,,,,,,,,,0.073171,
828,CAGL0L03289g,,,,,,,,,,0.067568,,,,,,,,
829,CAGL0L03113g,,,,,,,,,,,,,,,,0.078125,,
830,CAGL0L02981g,,,,,,,,,,,,,,,0.220779,,,
831,CAGL0L02871g,,,,,,,,,,,,,0.075,,,,,
832,CAGL0L02849g,,,,,,,,,,,0.065217,,,,,,,
833,CAGL0L02799g,,,,,,,,,,,0.061856,,,,,,,
834,CAGL0L02475g,0.582278,,,,0.103774,,,0.074074,,,,,,,,,0.075949,
835,CAGL0L02453g,,,,,,,,,0.065217,,,,,,,,,
836,CAGL0L02453g,,,,,0.070707,,,,,,,,0.119048,,,,,
837,,,,,,,,,,,,,,,,0.056075,,,
838,,,,0.121212,,,,,,,,,,,,,,,
839,CAGL0L01771g,0.063291,,,,,,,,,,,,,,,,,
840,CAGL0L01771g,,,0.064935,,,,,,,,,,,,,,,
841,CAGL0L01771g,,,,,0.101449,,,,,,,,,,,,,
842,,,0.089888,,,,0.072464,,,,,,,,,,,,
843,,,,,,,,,,,0.075949,,,,,,0.075758,,
844,CAGL0L01485g,,0.065934,,,,,,,,,,,,,,,,
845,,,,,,,,,,,,,,,,,,0.052632,
846,,,,,,0.058824,,,,,,,,,,,0.078652,0.052174,
847,CAGL0L01353g,,,,0.094737,0.066667,,,,,,0.067416,,,0.075269,0.087302,,,
848,CAGL0L01111g,0.095238,,,,,0.091743,,,,,,,,,,,,
849,CAGL0L00803g,,,0.082353,,,0.076087,,,,,,,0.08,,,,,
850,CAGL0L00627g,,,,,,,,,,0.072464,,,,,,,,
851,,,,,,,,,,,,,,0.082353,,,,0.072289,
852,,,,0.088235,0.068966,,,,,,,,,,,0.096774,,0.093333,
853,CAGL0L00495g,,,0.066667,0.094595,,,,,0.080645,,,,,,,,,
854,,0.060241,,,,,,,,,,,,,0.054348,,,,
855,CAGL0C00110g-T-E2,,,,,,,,,,,,0.066667,,,,,,
856,CAGL0C01199g,,,,,,,,,0.050633,,,,,,,,,
857,,,,,,,,,,,,,0.075,,,,,,
858,,,,,,,,,0.065934,,,,0.068966,,,,,,
859,CAGL0C02255g,,0.061856,,,,,,,,,,,,,,,,
860,CAGL0C02343g,,0.056818,,,,,,,,,,,,,,,,
861,,,,,,,,,,,,,,0.126984,,,,,
862,CAGL0C02541g,,,,,,,,,,,,,,,0.096386,,,
863,CAGL0C02541g,,,0.175676,,,,,,,,,,,,,,,
864,CAGL0C02893g,,,,,,,,,,,,,,,0.082192,,,
865,,,,,,,,,0.075,,,,,0.076923,,,,,
866,CAGL0C03267g,,,,,,,,0.067416,,,,,,,,,,
867,CAGL0C03267g,,,,0.070707,,,,,,,,,,,,,,
868,,,,,,,,,,,,,,,,0.053571,,,
869,,,,,,,,,,,,,,,,,0.057143,,
870,CAGL0C03762g,,,,,0.06,0.051546,,,,,,,,,,,,
871,,,,0.072917,,,,,,,,,,,,,,,
872,CAGL0C04367g,,,,,0.065789,,,,,,,,,,,,,
873,,,,,0.072289,,,,,,,,,,,,,,
874,,,,,,,,,,,,,0.153846,,,,,,
875,CAGL0C05181g,,,,,,,,,,,,,,,,,0.309524,
876,CAGL0C05599g-P,,,,,,0.287129,,,,,,,,,,,,
877,CAGL0C05599g-P,,,,,,,,,,,0.288136,,,,,,,
878,,,,0.081967,,,,,,,,,,,,,,,
879,,,,,,,,,,,,,,0.088889,,,,,
880,,,,,,,,,,,,,,,,0.704545,,,
881,,,,,,,0.433333,,,,,,,,,,,,